{
  "v0_day7": {
    "total_pnl": -11963.919999999976,
    "win_rate": 40.40114613180516,
    "avg_days": 6.739255014326647,
    "avg_capture": 310.0996224067216
  },
  "v1_overlay": {
    "total_pnl": -16071.429999999988,
    "win_rate": 35.816618911174785,
    "avg_days": 5.716332378223496,
    "avg_capture": 210.89165259163238
  },
  "harm_analysis": {
    "winners_cut_early": 122,
    "early_failures_saved": 69,
    "verdict": "REJECT"
  },
  "by_profile": {
    "LDG": {
      "v0_pnl": -3813.4999999999914,
      "v1_pnl": -3813.4999999999914,
      "delta": 0.0
    },
    "SDG": {
      "v0_pnl": 1135.9300000000012,
      "v1_pnl": -3507.1700000000005,
      "delta": -4643.100000000002
    },
    "CHARM": {
      "v0_pnl": -2026.4999999999925,
      "v1_pnl": -2026.4999999999925,
      "delta": 0.0
    },
    "VANNA": {
      "v0_pnl": 2869.580000000002,
      "v1_pnl": 2869.580000000002,
      "delta": 0.0
    },
    "SKEW": {
      "v0_pnl": 2152.9799999999996,
      "v1_pnl": 1561.9499999999991,
      "delta": -591.0300000000004
    },
    "VOV": {
      "v0_pnl": -12282.409999999994,
      "v1_pnl": -11155.789999999997,
      "delta": 1126.6199999999972
    }
  },
  "by_year": {
    "2020": {
      "v0_pnl": -11963.919999999976,
      "v1_pnl": -16071.429999999988,
      "delta": -4107.510000000011,
      "verdict": "FAIL"
    }
  },
  "final_verdict": "REJECTED"
}