{
  "Profile_1_LDG": {
    "trades": 149,
    "actual_pnl": -3388.4000000000315,
    "peak_potential": 27452.999999999978,
    "capture_30pct": 8200.459999999992,
    "winners": 