Profile,Num_Trades,Winners,Win_Rate_%,Total_PnL,Avg_PnL,Max_Win,Max_Loss,Max_DD,Avg_DD,Total_PnL_From_Summary
Profile_1_LDG,140,61,43.57142857142857,-2862.99999999999,-20.44999999999993,2267.8,-744.1999999999999,-2734.0,-500.2214285714286,-2862.99999999999
Profile_2_SDG,42,15,35.714285714285715,-148.3999999999989,-3.5333333333333052,2045.8000000000002,-1258.1999999999998,-1365.0,-545.4761904761905,-148.3999999999989
Profile_3_CHARM,69,44,63.768115942028984,-1050.7999999999931,-15.228985507246273,1403.8000000000002,-3490.2,-5360.6,-2317.237681159421,-1050.7999999999931
Profile_4_VANNA,151,88,58.27814569536424,13506.800000000012,89.44900662251663,1923.8000000000004,-1283.1999999999996,-1705.9999999999995,-655.1986754966888,13506.800000000012
Profile_5_SKEW,30,8,26.666666666666668,-3337.000000000001,-111.23333333333336,2166.8,-877.1999999999999,-1349.0,-637.4,-3337.000000000001
Profile_6_VOV,172,61,35.46511627906977,-5077.399999999981,-29.519767441860335,3455.8,-1335.1999999999998,-5498.0,-700.6627906976744,-5077.399999999981
